1741623898.598012000	172.24.128.1	224.0.0.251		
1741623898.599163000				
1741623898.600394000	172.24.128.1	224.0.0.251		
1741623898.601113000				
1741623898.853883000	172.24.128.1	224.0.0.251		
1741623898.854659000				
1741623899.121012000	172.24.128.1	224.0.0.251		
1741623899.121809000				
1741623899.374041000	172.24.128.1	224.0.0.251		
1741623899.374398000				
1741623899.374545000	172.24.128.1	224.0.0.251		
1741623899.374735000				
1741623917.236593000	172.24.133.110	91.189.91.157		
1741623922.294132000				
1741623922.294518000				
1741623927.446072000	172.24.133.110	185.125.190.57		
1741623937.696197000	172.24.133.110	185.125.190.56		
1741623947.946120000	172.24.133.110	185.125.190.58		
1741624012.584312000	172.24.128.1	224.0.0.251		
1741624012.585514000				
1741624013.592887000	172.24.128.1	224.0.0.251		
1741624013.594406000				
