1741625220.727928000	172.24.128.1	224.0.0.251		
1741625220.728998000				
1741625221.741712000	172.24.128.1	224.0.0.251		
1741625221.741798000				
1741625227.321461000	172.24.128.1	224.0.0.251		
1741625227.321774000				
1741625227.322086000	172.24.128.1	224.0.0.251		
1741625227.322283000				
1741625227.575135000	172.24.128.1	224.0.0.251		
1741625227.575580000				
1741625227.828184000	172.24.128.1	224.0.0.251		
1741625227.828918000				
1741625228.082553000	172.24.128.1	224.0.0.251		
1741625228.083377000				
1741625228.083746000	172.24.128.1	224.0.0.251		
1741625228.085100000				
